#FCCS Cover File; DCL Updated May 9 2016
#reg,reg,reg,reg,Num-Name,F,Litter,Duff,Depth,Shrub,Herb,1Hr,10Hr,100Hr,3-9S,9-20S,20+S,3-9R,9-20R,20+R,Foli,Bran,CTG, Flame EF,Duff EF, Smolder 1K EF
#_,-,_,-,___________________________________________________________________________________________,_,------,______,------,______,------,______,------,______,------,______,------,______,------,______,------,______,---,___,---,___
P,I,,,001 Black cottonwood -- Douglas-fir -- quaking aspen riparia,x,1.61,37,2,2.7,0.2,0.2,0.8,3.5,0.5,0.5,0,3,4,5,22.94,5.74,,3,8,7
P,I,,,002 Western hemlock -- western redcedar -- Douglas-fir fores,x,1.57,45.75,3,3.76,0.16,1,2,4,2,3,6,1,3,4,16.83,4.21,WPH,3,8,7
P,I,,,003 Douglas-fir forest,x,2.16,36.72,2.55,1.42,0.31,2.5,3.5,3.6,10.7,0,0,2.5,0,0,7.32,1.83,,3,8,7
P,,,,004 Douglas-fir / ceanothus forest,x,2.27,11,1.5,5.91,0.6,0.2,0.3,3.8,0,0,0,12,7,4.5,3.01,0.75,,3,8,7
P,,,,005 Douglas-fir -- white fir forest,x,4.98,13.17,1.1,2.98,0.21,0.5,1.6,3.3,4.3,8.9,3.4,0.8,1.6,0.6,16.78,4.19,,3,8,7
P,,,,006 Oregon white oak -- Douglas-fir forest,x,1.28,4.18,0.3,2.78,0.7,0.1,0.4,0.8,2.6,2.2,0,0.3,0.7,0.7,9.79,2.45,,3,8,7
P,,,,007 Douglas-fir -- sugar pine -- tanoak forest,x,1.27,19.21,1.3,0.87,0.02,1,3.2,1.9,0.6,0.7,1.7,4.9,5.4,14.2,15.44,3.86,,3,8,7
P,,,,008 Western hemlock -- Douglas-fir -- western redcedar / vin,x,3.08,69.3,5,1.69,0.02,1,2,4,10,20,10,2,10,5,13.63,3.41,WPH,3,8,7
P,,,,009 Douglas-fir -- western hemlock -- western redcedar / vin,x,1.66,21.84,1.5,1.74,0.15,1.5,2.6,2.5,2,3.7,7,4.7,8,20,8.48,2.12,WPH,3,8,7
P,,,,010 Western hemlock -- Douglas-fir -- Sitka spruce forest,x,3.07,57,5,1.56,0.35,1.3,1,1,5,35,5,2,10,5,20.69,5.17,WPH,3,8,7
P,,,,011 Douglas-fir / western hemlock -- Sitka spruce forest,x,2.61,12,1.25,0.96,0.25,1,2,4,5,5,5,5,5,5,9.89,2.47,WPH,3,8,7
P,I,,,012 Red fir -- mountain hemlock -- lodgepole pine -- western,x,3.29,18.82,1.4,0.03,0.06,0.3,0.6,1.1,0.6,4.5,7,0.5,3.6,5,13.06,3.26,WPH,3,8,7
P,,,,013 Mountain hemlock -- Pacific silver fir forest,x,0.49,17.52,1.6,1.17,0.2,0.4,0.6,1,13,4,7,3,1,7,3.42,0.86,WPH,3,8,7
P,,,,014 California black oak woodland,x,1.87,2.64,0.5,0.29,0.1,0.25,0.5,0.9,1.25,0,0,0,0,0,15.71,3.93,,3,8,7
P,,,,015 Jeffrey pine -- red fir -- white fir / greenleaf -- snow,x,2.49,55.48,4.5,6.41,0.05,0.08,0.7,0.23,1.75,5,6,0.5,2,2,11.51,2.88,,3,8,7
P,,,,016 Jeffrey pine -- ponderosa pine -- Douglas-fir -- Califor,x,2.65,11.44,1,1.93,0.2,0.3,1.4,1.8,0.8,2.5,0,0.7,2.5,0,6.7,1.68,PN,3,8,7
P,,,,017 Red fir forest,x,4.17,54.64,4.6,0,0.06,0.9,3.1,3,1,1,1,1,0.8,0,20,5,,3,8,7
P,,,,018 Douglas-fir / oceanspray forest,x,0.74,10.54,0.8,0.35,0.17,0.4,0.8,0.2,1.1,2.7,6.3,0.9,0.8,0,6.17,1.54,,3,8,7
P,,,,019 White fir -- giant sequoia -- sugar pine forest,x,3.06,26.18,2.1,0.08,0.01,0.5,1.5,3,0.5,4,19,0.7,2.5,8,14.71,3.68,,3,8,7
P,I,,,020 Western juniper / curl-leaf mountain mahogany woodland,x,0.45,3.9,1,1.5,0.35,0.05,0.1,0.5,1,0,0,0,2,4,2.91,0.73,,3,8,7
I,,,,021 Lodgepole pine forest,x,0.75,6.5,1,0,0.02,0.2,1,2.5,8,0.5,0,0.7,0.2,0,0.51,0.13,,3,8,7
I,,,,022 Lodgepole pine forest,x,0.75,13,2,0,0.2,0.4,2.2,2.8,8.3,0.7,0.5,0.8,0.5,0.5,3.3,0.83,,3,8,7
I,,,,023 Lodgepole pine forest,x,0.76,6.5,1,0.95,0.17,0.2,1.1,1.6,9.7,8.7,1,3.3,2.3,1,3.94,0.98,,3,8,7
I,,,,024 Pacific ponderosa pine -- Douglas-fir forest,x,1.78,4.96,0.6,0,0.5,0.1,0.2,0.75,2,0.8,0,1.8,0.2,0.5,4.59,1.15,PN,3,8,7
I,,,,025 Pinyon -- Utah juniper forest,x,0.47,6.32,1.1,0.62,0.05,0.3,0.5,1.2,1,1,0,0,0,0,7.77,1.94,,3,8,7
I,,,,026 Interior ponderosa pine -- limber pine forest,x,1.8,4.5,0.5,3.41,0.08,0,0.1,0.4,0.3,2.9,9.4,0.4,0,0,4.48,1.12,PN,3,8,7
I,,,,027 Ponderosa pine -- two needle pinyon -- Utah juniper fore,x,0.59,1.02,0.3,0.47,0.5,0.2,0.3,1,2,0,0,1,2,6,2.81,0.7,PN,3,8,7
I,,,,028 Ponderosa pine savanna,x,1.19,3.64,0.4,0.23,0.8,0.05,0.1,0.2,0.3,0.5,0,0.5,1,2,1.47,0.37,PN,6,8,7
I,,,,029 Interior ponderosa pine -- Engelmann spruce -- Douglas-f,x,0.42,14.84,1.4,3.41,0.2,1,1.5,2,6,12,0,5,11,0,8.28,2.07,PN,3,8,7
I,,,,030 Turbinella oak -- alderleaf mountain mahogany shrubland,x,0.76,0.65,0.2,4.35,0.1,0.1,0.3,0,0,0,0,0,0,0,0,0,SG,5,8,7
I,,,,032 Ponderosa pine / pinyon pine -- Utah juniper forest,x,0.96,2.54,0.6,0.03,0,0.1,0.9,1.3,1.4,0,0,0.4,0.5,5.9,6.54,1.63,PN,3,8,7
I,,,,033 Gambel oak / big sagebrush shrubland,x,1.96,1.72,0.4,0.83,0.23,0.2,0.2,0.2,0.2,0,0,0,0,0,1.58,0.4,SB,5,8,7
I,,,,034 Interior Douglas-fir -- interior ponderosa pine / gambel,x,1.33,9.75,1,2.22,0.2,0.1,1.5,4,2,3,5,1.8,1.7,0,3.51,0.88,PN,3,8,7
P,,,,036 California live oak -- blue oak woodland,x,0.54,4.3,1,3.22,0.4,0.5,0.5,1,1,1,0.2,0.2,0.2,0.2,0.97,0.24,,3,8,7
P,,,,037 Ponderosa pine -- Jeffrey pine forest,x,0.76,22.1,2,3.1,0.31,0.1,1,1.5,1.2,2.5,0,0.6,2.5,0,6.93,1.73,PN,3,8,7
P,,,,038 Douglas-fir -- madrone -- tanoak forest,x,3.01,7.4,0.8,1.27,0.2,1,2,2,3,3,7,0,0,0,15.04,3.76,,3,8,7
P,,,,039 Sugar pine -- Douglas-fir -- oak forest,x,1.93,8.32,0.8,0.32,0.1,0.4,2.1,1.1,2.6,1.5,0,0.7,0.4,0,15.77,3.94,,3,8,7
I,,,,040 Tobosa -- grama grassland,x,0,0,0,1.44,0.08,0,0,0,0,0,0,0,0,0,0,0,GG,6,8,7
P,I,,,041 Idaho fescue -- bluebunch wheatgrass grassland,x,0.18,0,0,0,0.65,0,0,0,0,0,0,0,0,0,0,0,GG,6,8,7
I,,,,042 Quaking aspen / Engelmann spruce forest,x,0.7,11.22,1.3,0.02,0.4,0.3,0.7,1.8,9,0.6,0,5,0,0,5.84,1.46,,3,8,7
I,,,,043 Arizona white oak -- gray oak -- Emory oak woodland,x,0.37,2.08,0.4,0.95,0.5,0.1,0.4,0.8,1,0,0,0,0,0,2.89,0.72,,3,8,7
P,I,,,044 Scrub oak chaparral shrubland,x,4.65,0.6,0.1,9.82,0,0.5,0.25,0.25,0,0,0,0,0,0,0,0,SG,5,8,7
I,,,,045 Pine -- oak forest,x,2.23,3.9,1,1.77,0.1,0.4,1,1,4,1,0,3,0.5,0,2.27,0.57,,3,8,7
P,,,,046 Chamise chaparral shrubland,x,0.3,3.12,0.4,12.23,0,0.5,1,1,0,0,0,0,0,0,0,0,SG,5,8,7
P,,,,047 Redwood -- tanoak forest,x,2.45,51.2,4.5,2.85,0.5,0.4,2,3,8,12,8,6,8,6,12.07,3.02,,3,8,7
P,,,,048 Douglas-fir -- tanoak -- madrone -- California bay fores,x,3.23,17,1.5,6.06,0.1,0.5,1,2,2,1.5,1.5,2,2,4,17.33,4.33,,3,8,7
P,,,,049 Creosote bush shrubland,x,0.05,0,0,1.08,0.1,0.1,0.2,0,0,0,0,0,0,0,0,0,SG,5,8,7
P,,,,051 Coastal sage shrubland,x,8.37,0,0,9.22,0,0.1,0.1,0,0,0,0,0,0,0,0,0,SB,5,8,7
P,,,,052 Douglas-fir -- Pacific ponderosa pine / oceanspray fores,x,1.92,14.28,1.1,0.5,0.21,0.4,0.9,0.4,0.4,1.1,0.6,0.4,2.4,0,10.83,2.71,PN,3,8,7
P,,,,053 Pacific ponderosa pine forest,x,1.65,18.7,1.5,0,0.06,0.1,1.5,1.5,8,3,0,3,1.5,0,7.71,1.93,PN,3,8,7
P,,,,054 Douglas-fir -- white fir -- interior ponderosa pine fore,x,2.3,26.6,2,0.26,0.11,0.3,2.4,4.9,0.5,3,4,1,3,4,20.6,5.15,PN,3,8,7
I,,,,055 Western juniper / sagebrush savanna,x,0.05,0.39,0.2,1.28,0.61,0.2,0.4,0.8,0,0,0,0,0,0,3.58,0.9,SB,5,8,7
I,,,,056 Sagebrush shrubland,x,0.05,0,0,4.5,0.71,0,0,0,0,0,0,0,0,0,0,0,SB,5,8,7
I,,,,057 Wheatgrass -- cheatgrass grassland,x,0.03,0,0,0,0.11,0,0,0,0,0,0,0,0,0,0,0,GG,6,8,7
I,,,,058 Western juniper / sagebrush savanna,x,0.03,0,0,0.15,0.15,0,0,0,0,0,0,0,0,0,2.85,0.71,SB,5,8,7
I,,,,059 Subalpine fir -- Engelmann spruce -- Douglas-fir -- lodg,x,0.91,43.8,3.2,2.87,0.3,0.5,1,2,6.3,3.9,0.3,6.3,3.9,0.3,5.03,1.26,,3,8,7
I,,,,060 Sagebrush shrubland,x,0.11,0,0,0.97,0.2,0,0,0,0,0,0,0,0,0,0,0,SB,5,8,7
I,,,,061 Whitebark pine / subalpine fir forest,x,1.4,15.68,1.3,0.91,0.2,0.1,0.4,1.7,4.4,13.6,0,5.4,19.5,0,9.26,2.31,,3,8,7
P,,,,062 Huckleberry - heather shrublands,x,0.15,0,0,2.72,0.11,0,0,0,0,0,0,0,0,0,0,0,SG,5,8,7
P,,,,063 Showy sedge -- alpine black sedge grassland,x,0.11,0,0,0,1.35,0,0,0,0,0,0,0,0,0,0,0,GG,6,8,7
P,,,,065 Purple tussockgrass -- California oatgrass grassland,x,1.04,2.34,0.2,0,1.8,0,0,0,0,0,0,0,0,0,0,0,GG,6,8,7
I,,,,066 Bluebunch wheatgrass -- bluegrass grassland,x,0.29,24.22,1.7,0.08,1.01,0,0,0,0,0,0,0,0,0,0,0,GG,6,8,7
I,,,,067 Interior ponderosa pine -- Douglas-fir forest,x,1.83,20.8,2,4.31,0.75,0.5,1.4,1.2,4,2,0,1.6,1,0,4.68,1.17,PN,3,8,7
I,,,,069 Western juniper / sagebrush -- bitterbrush shrubland,x,0.05,0.1,0.2,3.75,0.2,0.2,0.4,0.2,0,0,0,0,0,0,0.02,0.01,SB,5,8,7
I,,,,070 Subalpine fir -- lodgepole pine -- whitebark pine -- Eng,x,1.44,14.04,1.2,2.84,0.2,0.3,1.2,2.5,12,7,0,8.7,5.5,0,7.79,1.95,,3,8,7
P,,,,071 Ohia / Florida hopbush -- kupaoa forest,x,1.25,0,0,5.06,0.6,0.4,0.5,0.8,0.4,0,0,0.5,0,0,2.36,0.59,,3,8,7
P,,,,072 Ohia / uluhe forest,x,5.3,0,0,0.45,6.3,0.2,0.4,0,0,0,0,0,0,0,3.16,0.79,,3,8,7
P,,,,073 Koa / pukiawe forest,x,4.89,0,0,0.68,3,0.9,1.4,4.5,0.1,0.1,0.1,0.1,0.1,0.1,14.39,3.6,,3,8,7
P,,,,074 Mamani -- naio savanna,x,2.17,0,0,0.21,0.72,0.2,0.7,2.2,1.9,0,0,1.9,0,0,2.39,0.6,,3,8,7
P,,,,075 Slash pine / New Caledonia pine forest,x,7.35,49.4,4,0.12,0,0.1,1.2,1.9,0.5,1.5,1,0.5,1.5,1,4.74,1.18,,3,8,7
P,,,,076 Slash pine / molasses grass forest,x,5.83,50.73,4.8,0.02,3.02,0.1,0.4,0.5,0.5,1.5,0.3,0.5,1.5,0.3,1.68,0.42,GG,3,8,7
P,,,,077 Eucalyptus plantation forest,x,5.47,50.96,4,1.36,0.05,0.8,3.3,4.2,4,1,6,2,0.5,0.5,13.7,3.42,,3,8,7
P,,,,078 Florida hopbush - Mauna Loa beggarticks shrubland,x,1.59,0,0,6.37,0.9,1.1,2.5,0.6,0,0,0,0,0,0,0,0,SG,5,8,7
P,,,,079 Pili grass -- broomsedge bluestem grassland,x,0.58,0,0,0.79,2.5,0.1,0,0,0,0,0,0,0,0,0,0,GG,6,8,7
P,,,,080 Fountain grass grassland,x,0.32,0,0,0.12,5.1,0.1,0.3,0.3,0,0,0,0,0,0,0,0,GG,6,8,7
P,,,,081 Pukiawe / Columbia bluestem grassland,x,1.48,0,0,0.5,3.82,0.1,0.1,0,0,0,0,0,0,0,0,0,GG,6,8,7
P,,,,082 White leadtree / Guinea grass shrubland,x,1.9,0,0,0.18,4.5,0.2,0.3,0.1,0,0,0,0,0,0,0,0,GG,5,8,7
P,,,,083 Molasses grass grassland,x,4.4,0,0,3.54,5,0.1,0,0,0,0,0,0,0,0,0,0,GG,6,8,7
P,,,,084 Ohia / Broomsedge bluestem savanna,x,2.54,0,0,4.69,4,0.1,0.2,0.5,0,0,0,0,0,0,0.06,0.02,,6,8,7
P,I,,,085 Black spruce / lichen forest,x,1.71,53.6,6,2.21,0.07,0.2,0.3,1,1.5,0,0,1,0,0,0.92,0.23,BBS,2,8,7
P,I,,,086 Black spruce / feathermoss woodland,x,3.36,52,6,2.21,0.04,0.2,0.3,1,1.5,0,0,1,0,0,0.92,0.23,BBS,2,8,7
P,I,,,087 Black spruce / feathermoss forest,x,3.5,64.4,6,1.23,0.03,0.1,0.2,0.5,1,0,0,0.5,0,0,5.81,1.45,BBS,2,8,7
P,I,,,088 Black spruce / sphagnum moss forest,x,20.38,356,35,0.84,0.04,0.2,0.3,1,1,0,0,1,0,0,0.45,0.11,BBS,2,8,7
P,I,,,089 Black spruce / cottonsedge woodland,x,12.08,270,20,0.58,1.02,0.2,0.3,1,1,0,0,1,0,0,0.45,0.11,BBS,2,8,7
I,,,,090 White oak -- northern red oak forest,x,5.27,22.1,2,0.96,0.01,1,1.4,1.5,5,4,0,1,0,0,11.55,2.89,,3,8,7
P,I,,,091 White spruce / prickly rose forest,x,3.51,48.6,5,1.44,0.05,0.2,0.4,1.2,1.5,0,0,0.5,0,0,6.06,1.52,BBS,2,8,7
P,I,,,092 Quaking aspen -- paper birch -- white spruce -- black sp,x,4.32,30.6,3,0.74,0.03,0.4,0.6,1.5,3,0,0,1.5,0,0,6.26,1.57,BBS,2,8,7
P,I,,,093 Paper birch -- quaking aspen forest,x,5.58,37.8,4,0.96,0.02,0.3,0.4,0.8,3,3,0,1,1,0,9.82,2.46,,2,8,7
P,I,,,094 Balsam poplar -- quaking aspen forest,x,5.73,30.6,3,1.37,0.03,0.2,0.3,1.5,2,1,0,1,0.5,0,9.17,2.29,BBS,2,8,7
P,I,,,095 Willow -- mountain alder shrubland,x,2.79,23.4,2,6.4,0.1,0.2,0.5,0.5,0.5,0,0,0.4,0,0,0,0,SG,5,8,7
P,I,,,097 Cottongrass grassland,x,4.55,150,10,0.33,3,0,0,0,0,0,0,0,0,0,0,0,GG,6,8,7
P,I,,,098 Marsh Labrador tea -- lingonberry tundra shrubland,x,2.13,7.6,2,3.13,0.2,0,0,0,0,0,0,0,0,0,0,0,SG,5,8,7
P,I,,,099 Bluejoint reedgrass grassland,x,6.9,27,2,0,5,0,0,0,0,0,0,0,0,0,0,0,GG,6,8,7
P,I,,,100 Altai fescue grassland,x,3.83,7.5,1,0,4,0,0,0,0,0,0,0,0,0,0,0,GG,6,8,7
P,I,,,101 White spruce forest,x,3.28,48.6,5,1.76,0.03,0.3,0.5,1.5,2,0,0,0.5,0,0,7.75,1.94,BBS,2,8,7
P,I,,,102 White spruce forest,x,3.2,48.6,5,2.57,1.05,1,1.5,3,20,5,0,0.5,0,0,4.96,1.24,BBS,2,8,7
P,I,,,103 White spruce -- paper birch forest,x,4.07,34.2,3,2.34,0.03,0.5,0.7,1.5,3,2,0,1,1,0,10.07,2.52,BBS,2,8,7
P,I,,,104 White spruce -- paper birch forest,x,4.12,34.2,3,3.84,1.05,1.5,2,3,15,5,0,1,1,0,10.04,2.51,BBS,2,8,7
P,I,,,105 Paper birch -- quaking aspen -- white spruce forest,x,5.55,30.6,3,2.31,0.06,0.4,0.5,1.5,5,3,0,2,2,0,13.16,3.29,BBS,2,8,7
N,,,,106 Red spruce -- balsam fir forest,x,5.72,30.69,2,0.6,0.1,1,1.7,3.3,17.5,17.5,0,3.5,3.5,0,1.03,0.26,BBS,3,8,7
N,S,,,107 Pitch pine / scrub oaks forest,x,2.59,35.1,3,1.47,0.02,0.1,0.7,0.5,0.1,0,0,0.2,0,0,2.11,0.53,,1,8,7
N,,,,109 Eastern white pine -- northern red oak -- red maple fore,x,4.25,11.7,1,3.28,0.4,0.3,0.5,1,1.2,0.5,0.5,0.75,0.3,0,17.23,4.31,WPH,3,8,7
N,,,,110 American beech -- yellow birch -- sugar maple forest,x,3.1,14.85,1,0.44,0.1,0.4,0.5,1,1,5,0,0.5,1,0,15.32,3.83,,3,8,7
S,,,,114 Virginia pine -- pitch pine -- shortleaf pine forest,x,3.86,19.8,2,0.88,0.2,0.2,0.7,0.4,0.3,0.5,0,0.2,0.3,0,3.74,0.94,,1,8,7
S,N,,,115 Rhododendron -- blueberry -- mountain laurel shrubland,x,5.78,40,2.5,15.63,0.05,0.2,0.7,2,0,0,0,0.2,0,0,0.17,0.04,SG,1,8,7
S,N,,,120 Oak -- pine / mountain laurel forest,x,5.24,19.8,1.5,10.8,0.05,0.5,1,1.5,1.5,1.8,0,0.8,0,0,5.9,1.48,,1,8,7
S,N,,,121 Oak -- pine / mountain laurel forest,x,7.84,19.8,1.5,10.8,0.1,2,3,4,8.8,14.6,5.8,0.8,0,0,6.39,1.6,,1,8,7
S,N,,,123 White oak -- northern red oak -- black oak -- hickory fo,x,6.83,22.1,2,3.3,0.06,0.6,1.2,1.6,1.5,1.8,0,0.8,0,0,15.48,3.87,,1,8,7
N,,,,124 Pitch pine -- oak forest,x,3.9,18.72,1.6,2.22,0.11,0.2,0.5,0.5,0.1,0.1,0,0.2,0,0,4.55,1.14,,3,8,7
N,,,,125 Oak -- hickory -- pine -- eastern hemlock forest,x,5.57,8.16,0.7,3.41,0.05,0.02,0.4,0.7,1.8,1.8,0,0.5,0,0,13.77,3.44,WPH,3,8,7
S,N,,,129 Green ash -- American elm forest,x,0.93,1.3,1,2.03,0.11,0.1,0.2,1.5,1.5,1.5,0,0.5,0.5,0,19.76,4.94,,1,8,7
S,,,,131 Bluestem -- Indian grass -- switchgrass grassland,x,6.59,0,0,0.32,3.3,0,0,0,0,0,0,0,0,0,0.51,0.13,GG,6,8,7
S,,,,133 Tall fescue -- foxtail -- purple bluestem grassland,x,3.96,0,0,0.61,3,0.4,0.2,0,0,0,0,0,0,0,0.43,0.11,GG,6,8,7
S,N,,,134 White oak -- northern red oak -- hickory forest,x,2.98,7.12,0.6,2.64,0.2,1.4,3.2,6.9,7.9,2.8,0,2.5,1,0,0.26,0.07,,1,8,7
S,N,,,135 Eastern redcedar -- oak / bluestem savanna,x,0.27,0.39,0.2,0.52,1.5,0.2,0.4,0.8,0,0,0,0,0,0,1.52,0.38,,6,8,7
N,,,,138 Red pine -- eastern white pine forest,x,2.2,19.89,1.8,0.8,0.1,0.9,1.5,1.9,4.8,5.2,0,1.4,2.1,0,10.18,2.55,RJP,3,8,7
N,,,,140 Jack pine / black spruce forest,x,2.36,18.53,1.5,2.29,0.72,0.3,0.3,0.1,0.4,0,0,0.1,0,0,4.69,1.17,RJP,3,8,7
N,,,,142 Quaking aspen -- paper birch forest,x,2.62,23.4,2,0.63,0.11,0.5,1,3,3,0,0,1,0,0,13.8,3.45,,3,8,7
I,,,,143 Quaking aspen -- paper birch -- white spruce -- balsam f,x,5.05,24.7,2,4.4,0.5,0.4,0.6,1.3,2,2,0,0.3,0,0,20.24,5.06,BBS,3,8,7
N,,,,146 Jack pine forest,x,2.72,15.6,1.2,0.36,0.11,0.2,0.8,1,6,0,0,1.5,0,0,3.77,0.94,RJP,3,8,7
N,,,,147 Jack pine savanna,x,1.05,3.64,0.4,0.86,0.31,0.1,0.1,0.1,0.3,0,0,0,0,0,1.97,0.49,RJP,6,8,7
N,,,,148 Jack pine forest,x,3.17,4.23,0.5,0.49,0.06,0.1,0.5,1.3,10,0,0,1.5,0,0,0.95,0.24,RJP,3,8,7
N,,,,152 Red pine -- White pine forest,x,2.59,17.55,1.8,0.45,0.2,2,3,4,12.5,15,10,1.4,2.1,0,0.53,0.13,RJP,3,8,7
I,,,,154 Bur oak savanna,x,4.01,3.6,0.4,0.75,0.3,0.2,0.5,0.5,1,0.5,0,0,0,0,10.81,2.7,,6,8,7
N,,,,155 Red spruce --  balsam fir forest,x,3.06,44.55,3,0.23,0.05,0.5,1,0.5,1.5,0.4,0,2,0.75,0,6.05,1.51,BBS,3,8,7
S,,,,156 Slash pine plantation forest,x,2.35,9.35,0.75,3.4,0.1,1.6,0.84,1.5,2,0,0,0.07,0,0,2.59,0.65,,1,8,7
S,,,,157 Loblolly pine -- shortleaf pine -- mixed hardwoods fores,x,5.76,11.05,1,3.2,0.11,1,1.3,1.3,0.7,0.7,0.7,0.9,0,0,9.77,2.44,,1,8,7
S,,,,158 Loblolly pine -- shortleaf pine -- mixed hardwoods fores,x,8.63,11.05,1,5.28,0.11,0.3,1.1,1.9,10.4,10,9,7,4,0,12.21,3.05,,1,8,7
S,,,,161 Loblolly pine -- slash pine forest,x,2.85,12.35,1,1.08,0.11,1.2,0.84,0.25,0.5,0,0,1,0,0,2.54,0.63,,1,8,7
S,,,,162 Loblolly pine -- slash pine forest,x,2.7,12.35,1,1.63,0.11,0.5,4.3,3.7,2.7,0,0,1.6,0,0,2.15,0.54,,1,8,7
S,,,,164 Sand pine forest,x,1.93,7.8,1,2.36,0.01,1.5,1.5,0.3,1,0.5,0,0.1,0,0,2.67,0.67,,1,8,7
S,,,,165 Longleaf pine / three-awned grass -- pitcher plant savan,x,1.05,1.3,0.5,2.19,0.35,0.1,0.16,0.14,0.2,0.1,0,0,0,0,0.35,0.09,,6,8,7
S,,,,166 Longleaf pine / three-awned grass -- pitcher plant savan,x,1.1,17.68,1.6,9.23,0.21,0.2,0.5,0.3,0.5,0.2,0,0,0,0,4.08,1.02,,6,8,7
S,,,,168 Gallberry -- fetterbush shrubland,x,2.15,356,45.5,6.15,0.1,0,0,0,0,0,0,0,0,0,0.06,0.02,PC,1,8,7
S,,,,170 Pond pine / gallberry -- fetterbush shrubland,x,3.22,223.2,10.5,7.53,0.1,0,0,0,0,0,0,0,0,0,0.68,0.17,PC,1,8,7
S,,,,173 Live oak / sea oats savanna,x,0.17,0,0,0.7,0.2,0.2,0.2,0.5,0,0,0,0,0,0,1.18,0.29,,6,8,7
S,,,,174 Live oak -- sabal palm forest,x,5.17,6.38,0.75,4.18,0.2,0.5,0.5,0.5,1.5,1,0,0,0,0,8.3,2.08,,1,8,7
S,,,,175 Smooth cordgrass -- black needlerush grassland,x,3.11,110,12.5,0,4,0,0,0,0,0,0,0,0,0,0,0,GG,6,8,7
S,,,,176 Smooth cordgrass -- black needlerush grassland,x,6.21,298.8,19,0,4,0,0,0,0,0,0,0,0,0,0,0,GG,6,8,7
S,,,,178 Loblolly pine -- shortleaf pine forest,x,4.55,13.26,1.2,3.05,0.1,0.9,3.6,6.2,10.6,0,0,4.4,1.4,0,2.87,0.72,,1,8,7
S,,,,180 Red maple -- oak -- hickory -- sweetgum forest,x,6.2,20.8,2,1.49,0.25,0.4,0.7,1.4,1.8,1.8,0,0.5,0.7,0,9.72,2.43,,1,8,7
S,,,,181 Pond pine forest,x,3.09,56,5,5.1,0,1,1.5,1.5,2,1,0.5,0.5,0.5,0,4.5,1.12,,1,8,7
S,,,,182 Longleaf pine -- slash pine / saw palmetto -- gallberry,x,3.61,36.4,4,9.8,0.2,0.1,0.4,0.3,0.5,0,0,0,0,0,2.01,0.5,PFL,1,8,7
S,,,,183 Loblolly pine -- shortleaf pine forest,x,4.55,13.26,1.2,3.75,0.2,0.9,4,8.2,10.6,0,0,4.4,1.4,0,2.53,0.63,,1,8,7
S,,,,184 Longleaf pine / turkey oak forest,x,4.68,5,1.25,1.21,0.2,0.1,0.5,1,0.8,0,0,0.2,0,0,13,3.25,,1,8,7
S,,,,185 Longleaf pine / turkey oak forest,x,1.07,0.52,0.4,0.45,0.2,0.1,0.2,0.2,0.1,0,0,0,0,0,3.72,0.93,,1,8,7
S,,,,186 Turkey oak -- bluejack oak forest,x,4.71,6.53,0.75,1.2,0.1,0.2,0.5,0.14,0.3,0.5,0,0.1,0.1,0,10.3,2.57,,1,8,7
S,,,,187 Longleaf pine / yaupon forest,x,3.35,10.13,1.25,2.02,0.2,0.8,4,6.2,1.2,1.5,0,0.2,0,0,3.47,0.87,,1,8,7
S,,,,188 Sand pine -- oak forest,x,2.1,11.7,1,1.33,0,0.4,0.6,0.4,1.1,0,0,0,0,0,3.81,0.95,,1,8,7
S,,,,189 Sand pine -- oak forest,x,2.06,20.59,1.6,1.31,0,0.6,0.7,0.8,4.1,2.1,0,0.2,0.2,0,7.56,1.89,,1,8,7
S,,,,190 Slash pine -- longleaf pine / gallberry forest,x,1.24,16.58,1.5,13.14,0.1,0.15,0.4,0.3,1.2,0,0,0.1,0,0,2.95,0.74,,1,8,7
S,,,,191 Longleaf pine -- slash pine / gallberry forest,x,2.51,4.16,0.4,5.27,0.2,0.08,0.35,0.4,1,0,0,0,0,0,1.59,0.4,,1,8,7
S,,,,196 Loblolly pine / bluestem forest,x,5.39,1.69,0.2,0.64,0.1,0.3,0.56,0.15,0.5,0,0,1,0.5,0,0.26,0.06,,1,8,7
S,,,,203 Sawgrass -- Muhlenbergia grassland,x,4.6,5,0.5,0,3,0,0,0,0,0,0,0,0,0,0,0,GG,6,8,7
P,,,,208 Grand fir -- Douglas-fir forest,x,1.1,23.14,2,2.21,0.06,0.5,1.6,3.3,4.3,8.9,3.4,0.8,1.6,0.6,9.31,2.33,,3,8,7
I,,,,210 Pinyon -- Utah juniper woodland,x,0.45,0.52,0.2,1.51,0.1,0.2,0.4,1,0.3,0,0,0.2,0.2,0,1.02,0.26,,3,8,7
I,,,,211 Interior ponderosa pine forest,x,2.58,5.7,0.5,0.28,0.11,0.1,0.5,0.9,0.4,1.2,0,0.4,0.3,0,5.79,1.45,PN,3,8,7
P,,,,212 Pacific ponderosa pine forest,x,0.82,21.6,1.5,0,0.06,1,3.2,3,40,3,0,1.7,1,0,4.16,1.04,PN,3,8,7
I,,,,213 Wheatgrass -- cheatgrass grassland,x,0,0,0,0,0.21,0,0,0,0,0,0,0,0,0,0,0,GG,6,8,7
P,,,,214 Giant sequoia -- white fir -- sugar pine forest,x,2,13.32,1.1,1.26,0.06,0.5,1.5,1.5,0.5,4,21,0.2,2,4,7.49,1.87,,3,8,7
P,,,,215 Douglas-fir -- madrone / tanoak forest,x,0.23,2,0.2,0.63,0.05,0.8,1.1,0.9,2.5,3.1,14.8,1,1,2,7.54,1.89,,3,8,7
I,,,,216 Gambel oak -- bigtooth maple forest,x,2.4,13.6,1.5,0.79,0.15,1,1.1,1.9,1.9,0,0,0,0,0,14.75,3.69,,3,8,7
I,,,,217 Gambel oak -- bigtooth maple forest,x,2.93,6.88,0.7,0.66,0.11,0.1,0.2,1.4,1.6,0,0,0,0,0,9.76,2.44,,3,8,7
I,,,,218 Gambel oak / big sagebrush shrubland,x,0.93,3.9,0.6,1.64,0.11,0.2,0.6,1,0.5,0,0,0,0,0,5.25,1.31,SB,5,8,7
I,,,,219 Ponderosa pine -- white fir / quaking aspen forest,x,2.59,24.96,2,0.03,0.11,0.3,1.7,2.5,2.7,2.6,1.5,1.2,4.3,1.8,9.48,2.37,PN,3,8,7
I,,,,220 Ponderosa pine -- white fir / quaking aspen forest,x,1.14,7.92,0.6,0.12,0.11,0.2,1,0.8,2.4,2.1,1.2,1.2,1,0.8,8.6,2.15,PN,3,8,7
P,,,,221 Wheatgrass -- ryegrass grassland,x,2.48,0,0,0,0.25,0,0,0,0,0,0,0,0,0,0,0,GG,6,8,7
I,,,,222 Interior ponderosa pine forest,x,1.35,2.34,0.2,0.15,0.02,0.1,0.3,0.2,0.5,1,0,0.3,0,0,6.35,1.59,PN,3,8,7
I,,,,223 Douglas-fir -- white fir -- interior ponderosa pine fore,x,0.77,1.86,0.2,0.16,0.11,0.1,0.2,0.7,0.6,2.6,0,1.5,1.9,0,9.2,2.3,PN,3,8,7
I,,,,224 Quaking aspen forest,x,0.83,11.88,0.9,1.11,1.05,0.2,0.6,1.8,5.9,1.9,0,2.8,0.9,0,16.87,4.22,,3,8,7
I,,,,225 Quaking aspen forest,x,0.78,1.04,0.4,0.9,0.55,0.1,0.1,1.6,6.9,3.3,2.1,1.8,1,0,11.87,2.97,,3,8,7
I,,,,226 White fir -- gambel oak forest,x,1.2,23.4,1.8,0.09,0.08,0.6,0.9,1.2,7.1,0,0,1.5,0,0,14.43,3.61,,3,8,7
I,,,,227 White fir forest,x,1.2,19.8,1.4,0.11,0.06,0.3,0.4,1,6.7,0,0,1.5,5.9,0,12.4,3.1,,3,8,7
I,,,,228 Interior ponderosa pine -- limber pine forest,x,0.9,5.46,0.6,2.72,0.21,0.1,0.6,0.6,0.8,0.7,1,0.1,0.9,0,4.21,1.05,PN,3,8,7
I,,,,229 Ponderosa pine / Utah juniper forest,x,1.05,1.36,0.3,0.01,0.05,0.2,1,1.2,2.3,0,0,0,0,0,7.24,1.81,PN,3,8,7
I,,,,230 Pinyon -- Utah juniper forest,x,0.27,1.56,0.4,0.04,0.06,0.2,0.5,0.2,0.5,0.5,0,0,0,0,4.56,1.14,,3,8,7
I,,,,231 Gambel oak -- Rocky Mountain juniper -- ponderosa pine f,x,0.92,4.68,1.2,3.05,0.12,0.5,0.5,2,5,2,0,1,1,0,4.76,1.19,,3,8,7
I,,,,232 Mesquite savanna,x,0.22,0,0,1.3,0.5,0,0,0,0,0,0,0,0,0,0.17,0.04,,6,8,7
I,,,,233 Sagebrush shrubland,x,0,0,0,3.56,0.06,0,0,0,0,0,0,0,0,0,0,0,SB,5,8,7
I,,,,234 Sagebrush shrubland,x,0,0,0,0.69,0.11,0,0,0,0,0,0,0,0,0,0,0,SB,5,8,7
P,,,,235 Idaho fescue -- bluebunch wheatgrass grassland,x,0.1,0,0,0,2.01,0,0,0,0,0,0,0,0,0,0,0,GG,6,8,7
I,,,,236 Tobosa -- grama grassland,x,0,0,0,0.23,0.05,0,0,0,0,0,0,0,0,0,0,0,GG,6,8,7
P,,,,237 Huckleberry -- heather shrubland,x,0.16,0,0,6.06,0.06,0,0,0,0,0,0,0,0,0,0,0,SG,4,8,7
P,,,,238 Pacific silver fir -- mountain hemlock forest,x,1.72,25.48,2,0.45,0.1,0.2,0.2,0.4,0.2,6,2.5,0.5,17,7,7.5,1.88,WPH,3,8,7
P,,,,239 Douglas-fir -- sugar pine -- tanoak forest,x,0.24,4.71,0.4,4.8,0.02,0.3,0.8,1.2,1,1,0,8,6,1,8.43,2.11,,3,8,7
S,,,,240 Saw palmetto / three-awned grass shrubland,x,2.02,20,2,6.05,0.2,0,0,0,0,0,0,0,0,0,0.06,0.02,SG,5,8,7
S,,,,241 Longleaf pine -- loblolly pine forest,x,2.61,7.41,0.6,2.71,0.2,0.2,3.5,6,14.5,21.5,0,0.4,0.6,0,4.64,1.16,,1,8,7
S,,,,242 Longleaf pine -- loblolly pine forest,x,0.06,2.47,0.2,1.5,0.3,0.02,1.5,3,12,18,0,0.4,0.6,0,4.62,1.15,,1,8,7
S,,,,243 Pitch pine / scrub oaks shrubland,x,2,6.83,0.7,0.51,0.1,1.5,0.9,1.4,2.1,0.5,0,0,0,0,1.52,0.38,SG,5,8,7
P,,,,260 Ohia / uluhe forest,x,5.3,0,0,0.42,6,0.1,0.2,0,0,0,0,0,0,0,1.32,0.33,,3,8,7
P,,,,261 Pili grass -- broomsedge bluestem grassland,x,0.17,0,0,0.94,2,0.1,0,0,0,0,0,0,0,0,0,0,GG,6,8,7
P,,,,262 Molasses grass grassland,x,4.37,0,0,0.34,6,0,0,0,0,0,0,0,0,0,0,0,GG,6,8,7
P,,,,263 Ohia / broomsedge bluestem savanna,x,2.07,0,0,1.38,3,0.1,0.1,0,0,0,0,0,0,0,0.03,0.01,,6,8,7
S,,,,264 Post oak -- blackjack oak forest,x,2.75,2.94,0.4,2.7,1.25,0.3,0.7,1,0,0,0,0,0,0,8.41,2.1,,1,8,7
I,,,,265 Balsam fir -- white spruce -- mixed hardwoods forest,x,2.43,11.2,2,1.72,1,0.5,0.6,1.6,1.1,2,4,0.2,1,1,7.31,1.83,BBS,3,8,7
N,,,,266 Sugar maple -- basswood forest,x,2.79,11.7,1,0.9,0.35,0.5,1,1,3,2,0.2,0.5,1,0.2,15.6,3.9,,3,8,7
N,,,,267 American beech -- yellow birch -- sugar maple -- red spr,x,4.32,18.7,1.5,0.39,0.1,0.5,1,1,1.5,5,0.2,0.5,1,0.2,12.98,3.24,,3,8,7
N,,,,268 American beech -- yellow birch -- sugar maple -- eastern,x,4.32,18.7,1.5,0.35,0.1,0.5,1,1,1.5,5,0.2,0.5,1,0.2,14,3.5,,3,8,7
S,,,,269 Sugar maple -- yellow poplar -- American beech -- oak fo,x,5.58,23.4,2,0.89,0.5,1,1,2,3,2,0.5,2.3,0.5,0,28.86,7.21,,1,8,7
S,,,,270 Red spruce -- Fraser fir / rhododendron forest,x,4.25,20.8,2,23.78,0.1,0.8,1.4,1.5,15,12,0,2,2,0,5.89,1.47,BBS,1,8,7
S,,,,272 Mangrove forest,x,0.39,356,40,2.52,0.25,0.25,1,4.2,0.2,0,0,3,0,0,1.65,0.41,,1,8,7
I,,,,273 Engelmann spruce -- Douglas-fir -- white fir -- interior,x,1.49,16.64,1.6,0.14,0.07,0.25,1.5,3,5,4.5,0,1,1.5,0,8.35,2.09,,3,8,7
N,,,,274 American beech -- sugar maple forest,x,2.79,11.7,1,2.01,0.75,0.3,0.75,1,2,2,0.2,0.5,1,0.2,20.68,5.17,,3,8,7
S,N,,,275 Chestnut oak -- white oak -- northern red oak forest,x,4.98,9.95,0.9,7.98,0.15,0.6,0.9,1.5,0.4,0,0,0.8,0.2,0,10.94,2.74,,1,8,7
S,,,,276 Oak -- pine -- magnolia forest,x,5.87,6.38,0.75,1.5,0.11,0.5,0.5,1,3,1,0.5,0,0,0,15.63,3.91,,1,8,7
N,,,,279 Black spruce -- northern white cedar -- larch forest,x,9.46,342,24,2.61,0.02,0.4,1,2,4,2,0,2,1,0,5.05,1.26,BBS,3,8,7
S,,,,280 Bluestem -- Gulf cordgrass grassland,x,2.14,0,0,0.69,3.5,0,0,0,0,0,0,0,0,0,0,0,GG,6,8,7
S,,,,281 Shortleaf pine -- post oak -- black oak forest,x,4.88,12.35,1,0.87,0.01,0.6,0.9,2.3,3.8,6.1,0,1.1,0,0,7.59,1.9,,1,8,7
S,,,,282 Loblolly pine forest,x,5.73,22.1,2,0.94,0.02,0.6,1.7,2,3,2,0,0.2,0,0,7.18,1.8,,1,8,7
S,,,,283 Willow oak -- laurel oak -- water oak forest,x,0.31,1.3,1,4.05,0.01,0.1,0.2,1.5,1.5,1.5,0,0.5,0.5,0,18.52,4.63,,1,8,7
I,,,,284 Green ash -- American elm -- silver maple -- cottonwood,x,0.93,1.3,1,1.6,0.11,0,0.2,1.5,1.5,1.5,0,0.5,0.5,0,17.05,4.26,,3,8,7
I,,,,286 Limber pine -- interior ponderosa pine forest,x,2.09,12.74,1.4,1.34,0.11,0.2,1,1,1,6,2,2,5,10,3,0.75,PN,3,8,7
N,,,,287 Eastern white pine -- eastern hemlock forest,x,2.81,11.05,1,0.76,0.01,0.2,0.4,0.9,0.3,0,0,0.6,0.3,0,11.93,2.98,WPH,3,8,7
S,,,,288 Bald cypress -- water tupelo forest,x,0.91,5.2,1,1.2,0.01,0.2,0.2,0.5,1,1,1,1,2,2,8.94,2.24,,1,8,7
S,,,,289 Pond cypress / Muhlenbergia -- sawgrass savanna,x,4.44,30,2,0,3,0.1,0.1,0.1,0,0,0,0,0,0,0.07,0.02,,6,8,7
S,,,,291 Longleaf pine -- slash pine / saw palmetto forest,x,3.61,15.4,1.5,8,0.2,0.02,0.4,0.3,0.5,0,0,0,0,0,2.01,0.5,PFL,1,8,7
P,,,,301 Fremont cottonwood -- California sycamore forest,x,1.19,2,0.5,1.45,0.2,0.2,0.3,0.1,0,0,0,0.1,0,0,10.32,2.58,,3,8,7
I,,,,302 Willow / sedge grassland,x,0.11,0.4,0.5,1.8,0.3,0,0,0,0,0,0,0,0,0,0,0,,6,8,7
P,I,,,303 Cottonwood / willow savanna,x,1.52,2,0.5,1.59,0.05,0.2,0.3,0.1,0,0,0,0.1,0,0,5.51,1.38,,6,8,7
I,,,,304 Engelmann spruce -- subalpine fir / horsetail forest,x,2.7,28.5,3,1.19,0.02,0.4,1,2,4,2,0,2,1,0,6.85,1.71,,3,8,7
P,,,,305 Red alder forest,x,1.61,15,1,2.7,0.1,0.2,0.8,1.3,0.5,0.5,0,3,2,0,10.74,2.69,,3,8,7
P,,,,306 Knobcone pine forest,x,2.09,12.74,1.4,1.34,0.11,0.2,1,1,1,6,2,2,5,10,2.71,0.68,,3,8,7
P,I,,,307 Paloverde shrubland,x,0,0,0,0.53,0.2,0,0,0,0,0,0,0,0,0,0,0,SG,5,8,7
P,I,,,308 Low sagebrush shrubland,x,0,0,0,3.56,0.06,0.06,0.02,0,0,0,0,0,0,0,0,0,SB,5,8,7
P,I,,,309 Blackbrush shrubland,x,0,0,0,0.55,0.1,0,0,0,0,0,0,0,0,0,0,0,SG,5,8,7
I,,,,310 Greasewood shrubland,x,0.05,0,0,2.14,0.1,0.1,0.2,0,0,0,0,0,0,0,0,0,SG,5,8,7
I,,,,311 Saltbush shrubland,x,0.05,0,0,1.07,0.1,0.1,0.2,0,0,0,0,0,0,0,0,0,SG,5,8,7
I,,,,312 Gambel oak / sagebrush shrubland,x,0.93,1.2,0.3,1.64,0.11,0.2,0.2,1,0.5,0,0,0,0,0,7.03,1.76,SB,5,8,7
I,,,,313 Mountain mahogany shrubland,x,0.78,1.2,0.3,0.71,0.1,0.2,0.2,1,0.5,0,0,0,0,0,1.14,0.28,SG,5,8,7
P,I,,,314 Limber pine -- bristlecone pine forest,x,1.4,1.12,0.2,0.91,0.2,0.1,0.4,1.7,4.4,13.6,0,1,0.5,0,6.06,1.51,,3,8,7
I,,,,315 Showy sedge -- Black alpine sedge grassland,x,0.11,2,0.5,0,1.35,0,0,0,0,0,0,0,0,0,0,0,GG,6,8,7
P,,,,316 Coyotebush -- ceanothus shrubland,x,8.37,0,0,16.93,0.3,0.1,0.1,0,0,0,0,0,0,0,0,0,SG,5,8,7
I,,,,317 Bigtooth maple forest,x,1.61,4,0.5,0.58,0.1,0.2,0.8,1.3,0.5,0.5,0,3,2,0,0.63,0.16,,3,8,7
P,I,N,S,318 Bluejoint reedgrass -- water sedge grassland,x,0.4,2.25,1,0,1.25,0,0,0,0,0,0,0,0,0,0,0,GG,6,8,7
P,,,,319 Pacific silver fir -- Sitka alder forest,x,1.11,1.2,0.3,0,0,0.3,0.4,0.9,1.1,0,0,0.1,0,0,1.86,0.47,SG,3,8,7
P,I,,,320 Western larch forest,x,2.4,14.88,1.7,0.92,0.11,0.7,2.1,4.4,0.7,3.5,0,0.7,8,1,7.13,1.78,,3,8,7
P,,,,321 Western hemlock -- Alaska cedar forest,x,1.57,45.75,3,1.36,0.16,0.5,1,2,2,3,1,1,3,2,7.2,1.8,WPH,2,8,7
P,,,,322 Sitka spruce -- western hemlock forest,x,3.07,57,5,2.37,0.2,1.3,1,1,2,4,5,2,4,5,14.45,3.61,WPH,2,8,7
P,,,,323 Trembling aspen / sagebrush boreal woodland,x,0.06,0.1,0.1,3.48,0.2,0.2,0.4,0.2,0.1,0,0,0,0,0,1.9,0.48,,2,8,7
P,,,,324 White spruce woodland,x,3.24,104.8,9,0.98,0,0.2,0.5,0.5,0.5,0,0,0.4,0,0,2.48,0.62,BBS,2,8,7
P,,,,325 White spruce -- mountain hemlock forest,x,1.59,25.48,2,2.27,0.1,0.2,0.2,0.4,0.2,5,0,0.5,5,0,7.99,2,BBS,2,8,7
P,,,,326 Willow --  birch shrubland,x,3.24,4.68,0.4,3.59,0.05,0.2,0.5,0.5,0,0,0,0,0,0,0,0,SG,3,8,7
P,,,,327 Marsh Labrador tea / cottongrass grassland,x,5.52,135,10,0.41,1,0,0,0,0,0,0,0,0,0,0,0,GG,6,8,7
P,,,,328 Hemlock / sedge -- cottongrass savanna,x,5.53,135,10,0.73,1,0.1,0.2,0.2,0,0,0,0,0,0,0.14,0.03,WPH,6,8,7
P,,,,329 Mountain heath tundra shrubland,x,0.27,0.3,0.25,6.7,0.05,0,0,0,0,0,0,0,0,0,0,0,SG,2,8,7
P,,,,330 American dunegrass grassland,x,1.73,1,0.25,0,0.5,0,0,0,0,0,0,0,0,0,0,0,GG,6,8,7
P,,,,331 Sitka alder -- salmonberry shrubland,x,2.79,15.3,1.5,7.49,0.1,0.2,0.5,0.5,0,0,0,0,0,0,0,0,SG,5,8,7
P,,,,332 Balsam poplar -- paper birch forest,x,5.73,23.4,2,1,0.03,0.2,0.3,1.5,2,1,0,1,0.5,0,16.41,4.1,,2,8,7
P,,,,333 Dryas tundra shrubland,x,0.22,0,0,1.34,0.05,0,0,0,0,0,0,0,0,0,0,0,SG,5,8,7
P,,,,334 Mountain heather tundra shrubland,x,0.27,0.3,0.25,6.04,0.1,0,0,0,0,0,0,0,0,0,0,0,SG,5,8,7
P,,,,335 Sweetgale shrubland,x,5.43,72,6,2.24,0.1,0,0,0,0,0,0,0,0,0,0,0,SG,5,8,7
P,,,,336 Lyngbye's sedge -- alkaligrass grassland,x,0.81,6.5,1,0,1,0,0,0,0,0,0,0,0,0,0,0,GG,6,8,7
P,,,,337 Softstem bulrush -- needle spikerush grassland,x,0.98,13.5,1,0,1,0,0,0,0,0,0,0,0,0,0,0,GG,6,8,7
P,,,,338 Water sedge -- tall cottongrass grassland,x,0.98,3.8,0.5,0.94,0.8,0,0,0,0,0,0,0,0,0,0,0,GG,6,8,7
P,,,,339 Nootka lupine -- sedge grassland,x,0.89,3.4,0.5,0.01,0.8,0,0,0,0,0,0,0,0,0,0,0,GG,6,8,7
N,S,,,401 Holly -- privet shrubland,x,4.53,13.26,1.2,5.51,0.2,0.2,1,2,2,0,0,4.4,1.4,0,0.15,0.04,SG,5,8,7
N,S,,,402 Pine / holly -- privet forest,x,4.59,13.26,1.2,2.53,0.1,0.9,3.6,6.2,10.6,0,0,4.4,1.4,0,0.32,0.08,,1,8,7
S,,,,403 Post oak -- blackjack oak -- white oak forest,x,2.79,1.82,0.2,1.06,0.13,0.3,0.7,1,0,0,0,0,0,0,2.07,0.52,,1,8,7
N,S,,,404 Yellow poplar -- sugar maple -- basswood forest,x,5.58,7.2,1,2.76,0.3,1,1,2,3,2,0.5,2.3,0.5,0,32.08,8.02,,1,8,7
N,S,,,405 Northern red oak montane forest,x,2.79,1.82,0.2,4.59,0.13,0.3,0.7,1,0,0,0,0,0,0,5.46,1.36,,1,8,7
S,,,,406 American beech -- southern magnolia -- oak forest,x,5.89,6.38,0.75,1.24,0.08,0.5,0.5,1,3,1,0.5,0,0,0,17.22,4.3,,1,8,7
S,,,,407 Darlington oak  forest,x,7.91,6.8,1,1.13,0.08,0.6,1.2,1.6,1.5,1.8,0,0.8,0,0,14.56,3.64,,1,8,7
N,,,,408 Quaking aspen -- bur oak forest,x,0.62,1.2,0.5,2.24,0.14,0.2,0.5,1,1.5,0,0,1,0,0,4.86,1.22,GG,3,8,7
N,S,,,409 Virginia pine -- chestnut oak / little bluestem forest,x,0.58,2,0.5,0.48,0.2,0.1,0.2,0.2,0.1,0,0,0,0,0,2.03,0.51,,1,8,7
S,,,,410 Table Mountain pine -- chestnut oak forest,x,2.59,6,1,8.5,0.05,0.1,0.5,0.5,0.1,0,0,0.2,0,0,2.63,0.66,,1,8,7
S,,,,411 Ashe juniper -- oak savanna,x,0.23,0.39,0.2,1.71,0.23,0.2,0.4,0.8,0.2,0,0,0,0,0,1.81,0.45,,6,8,7
N,,,,412 Dwarf bilberry -- bog blueberry shrubland,x,1.01,5.2,1,3.74,0.03,0.2,0.7,0.7,0,0,0,0,0,0,0.32,0.08,SG,5,8,7
N,,,,413 Pin oak / bluestem forest,x,2.47,1.92,0.4,0.86,0.5,0.2,0.5,0.5,1,0.5,0,0.2,0,0,5.08,1.27,,3,8,7
S,,,,414 Eastern redcedar / big bluestem savanna,x,0.27,0.39,0.2,1.39,0.6,0.2,0.4,0.8,0,0,0,0,0,0,3.52,0.88,,6,8,7
S,,,,415 Bluestem -- forb grassland,x,0.94,1.12,0.2,0.05,0.91,0,0,0,0,0,0,0,0,0,0.11,0.03,GG,6,8,7
N,S,,,416 Chinkapin oak -- eastern redcedar / bluestem savanna,x,0.61,2.6,0.4,0.82,0.31,0.1,0.1,0.1,0.1,0,0,0,0,0,1.29,0.32,,6,8,7
S,,,,417 Little bluestem -- blackseed speargrass grassland,x,0.66,1.12,0.2,0,0.51,0,0,0,0,0,0,0,0,0,0.16,0.04,GG,6,8,7
N,,,,418 White spruce / juniper / little bluestem savanna,x,1.21,2.6,0.4,0.29,0.3,0.1,0.1,0.1,0.1,0,0,0,0,0,0.49,0.12,BBS,6,8,7
S,,,,419 Blackjack oak -- post oak / bluestem savanna,x,0.25,0.39,0.2,1.96,0.23,0.2,0.4,0.8,0.2,0,0,0,0,0,1.83,0.46,,6,8,7
N,,,,420 Big bluestem -- bluejoint grassland,x,3.41,4.8,1,0.58,1.8,0,0,0,0,0,0,0,0,0,0,0,GG,6,8,7
N,,,,421 Chinkapin oak -- bur oak / giant cane forest,x,0.28,1.7,0.3,0.15,2.5,0.2,0.4,0.8,0,0,0,0,0,0,8.62,2.16,,3,8,7
S,,,,422 Post oak -- shortleaf pine / bluestem -- Indiangrass sav,x,2.18,9.75,1,0,1.55,0,0,0,0,0,0,0,0,0,1.41,0.35,,6,8,7
S,,,,423 Oak / bluestem -- Indiangrass savanna,x,2.14,9.75,1,0,1.55,0,0,0,0,0,0,0,0,0,1.57,0.39,,6,8,7
S,,,,424 Pondcypress / dahoon holly / sedge forest,x,0.81,24,4,2.85,0.15,0.2,0.2,0.5,0.5,0.5,0,0.5,0.5,0,8.92,2.23,,1,8,7
S,,,,425 Swamp tupelo -- sweetbay magnolia forest,x,4.72,12.75,1.5,4.83,0.08,0.5,0.5,1,1.5,0.5,0,1.5,0.5,0,17.51,4.38,,1,8,7
S,,,,426 Sugarberry / acacia forest,x,0.23,0.12,0.1,0.75,0.3,0.2,0.4,0.8,0.2,0.5,0,0.2,0.5,0,9.02,2.25,,1,8,7
N,,,,427 Red spruce -- northern white cedar -- tamarack forest,x,2.34,45,4,1.16,0.02,0.4,1,2,4,2,0,2,1,0,5.76,1.44,BBS,3,8,7
S,,,,428 Melaleuca forest,x,6.2,15.3,1.5,0,0.23,0.3,0.3,0.5,0.5,0,0,0,0,0,15.91,3.98,,1,8,7
N,S,,,429 Black locust forest,x,4.65,6.4,1,1.73,0.11,0.4,0.7,1.4,1.8,1.8,0,0.5,0.7,0,10.99,2.75,,1,8,7
S,,,,430 White oak -- southern red oak forest,x,5.27,6.8,1,3.05,0.09,0.6,1.2,1.6,1.5,1.8,0,0.8,0.8,0,12.25,3.06,,1,8,7
S,,,,431 Chinkapin oak -- Shumard oak forest,x,5.58,7.2,1,3.37,0.3,0.6,1,1.2,1.2,1,0,0.8,0,0,11.86,2.96,,1,8,7
S,,,,432 Florida poisontree -- West Indian mahogany forest,x,2.79,11.7,1,3.25,0.05,0.1,0.2,1.5,1.5,1.5,0,0.5,0.5,0,4.97,1.24,,1,8,7
S,,,,433 Pine -- oak / American beachgrass savanna,x,0.23,0.39,0.2,1.78,0.6,0.2,0.4,0.8,0.2,0,0,0,0,0,0.64,0.16,,6,8,7
S,,,,434 Post oak -- southern red oak / little bluestem -- Indian,x,1.68,4.16,0.4,1.32,0.4,0.2,0.5,0.5,0.5,0.2,0,0.2,0,0,5.23,1.31,,6,8,7
S,,,,435 Little bluestem -- buffalograss grassland,x,0.92,1.12,0.2,0.14,0.9,0,0,0,0,0,0,0,0,0,0,0,GG,6,8,7
S,,,,436 Shore little bluestem -- paspalum grassland,x,0.86,0,0,0,1.7,0,0,0,0,0,0,0,0,0,0,0,GG,6,8,7
S,,,,437 Saltmeadow cordgrass -- switchgrass grassland,x,0.81,0,0,0,1.7,0,0,0,0,0,0,0,0,0,0,0,GG,6,8,7
S,,,,438 Pondcypress / pond apple forest,x,0.83,72,12,1.6,0.05,0.2,0.2,0.5,0.5,0.5,0,0.5,0.5,0,5.15,1.29,,1,8,7
S,,,,439 Pondcypress / swamp titi / maidencane savanna,x,1.07,1.3,0.5,1.21,1.05,0.1,0.16,0.14,0.2,0,0,0,0,0,0.46,0.11,,6,8,7
S,,,,440 Pondcypress -- cabbage palm -- strangler fig forest,x,0.45,20.8,4,1.6,0.05,0.2,0.2,0.5,0.5,0.5,0,0.5,0.5,0,8.63,2.16,,1,8,7
N,S,,,441 Red maple -- black ash / common winterberry forest,x,3.02,20.8,2,1.29,0.4,0.2,0.2,1.5,1.5,1.5,0,0.5,0.5,0,15.47,3.87,,1,8,7
N,,,,442 Bulrush grassland,x,1.84,11,1.5,0,2.1,0,0,0,0,0,0,0,0,0,0,0,GG,6,8,7
N,,,,443 Prairie cordgrass -- bluejoint grassland,x,1.84,13,1.5,0,2.1,0,0,0,0,0,0,0,0,0,0,0,GG,6,8,7
N,S,,,445 Woollyfruit sedge -- yellow sedge grassland,x,2.15,39,3,1.19,1.3,0,0,0,0,0,0,0,0,0,0,0,GG,6,8,7
S,,,,448 Bald cypress -- tupelo / swamp titi forest,x,0.99,15.6,2,8.2,0.11,0.2,0.2,0.5,1,1,1,1,2,2,8.76,2.19,,1,8,7
N,,,,449 Pin oak -- white oak / buttonbush forest,x,2.64,15.3,1.5,1.84,0.08,0.1,0.2,1.5,1.5,1.5,0,0.5,0.5,0,14.44,3.61,,3,8,7
S,,,,450 Oak -- Ashe juniper forest,x,0.69,5.85,1,1.66,0.23,0.3,0.6,1.2,0.4,0.2,0,0.2,0.1,0,5.62,1.4,,1,8,7
S,,,,451 Texas live oak / roughleaf dogwood forest,x,0.7,5.85,1,1.8,0.23,0.3,0.6,1.2,0.4,0.2,0,0.2,0.1,0,5.4,1.35,,1,8,7
N,S,,,453 Bluestem -- tall fescue -- switchgrass grassland,x,2.11,0,0,2.36,1.8,0,0,0,0,0,0,0,0,0,0.9,0.23,GG,6,8,7
N,,,,454 American beech -- maple / American red raspberry forest,x,2.95,11.05,1,3.73,0.1,0.4,0.5,1,1,2,0,0.5,1,0,10.32,2.58,,3,8,7
N,,,,455 Red pine forest,x,2.12,11.05,1,0.4,0.2,0.5,0.5,1,1,1.5,0,2.5,3,0,8.47,2.12,RJP,3,8,7
S,,,,456 Chinese tallow tree forest,x,3.18,11.05,1,0.98,0.3,0.5,1,3,3,0,0,1,0,0,5.75,1.44,,1,8,7
S,,,,457 Florida strangler fig -- gumbo limbo -- cabbage palm for,x,3.52,42,4,3.96,0,0.5,0.5,0.5,1.5,1,0,1.5,1,0,5.38,1.34,,1,8,7
S,,,,458 Berlandier's fiddlewood -- Texas ebony shrubland,x,0.06,0,0,11.33,0.15,0,0,0,0,0,0,0,0,0,0,0,SG,5,8,7
